{
  "method_results": {
    "KS Test": {
      "detection_rate": 0.6666666664444444,
      "false_pos_rate": 0.0,
      "precision": 0.9999999995,
      "f1_score": 0.7999999992,
      "tp": 2,
      "fp": 0,
      "tn": 2,
      "fn": 1
    },
    "PSI": {
      "detection_rate": 0.3333333332222222,
      "false_pos_rate": 0.0,
      "precision": 0.9999999989999999,
      "f1_score": 0.49999999937499995,
      "tp": 1,
      "fp": 0,
      "tn": 2,
      "fn": 2
    },
    "Autoencoder": {
      "detection_rate": 0.3333333332222222,
      "false_pos_rate": 0.0,
      "precision": 0.9999999989999999,
      "f1_score": 0.49999999937499995,
      "tp": 1,
      "fp": 0,
      "tn": 2,
      "fn": 2
    }
  },
  "correlations": {
    "autoencoder": {
      "r": 0.49960055452928853,
      "p": 0.3914427292407226
    },
    "psi": {
      "r": 0.5960323471012721,
      "p": 0.28880588848604877
    },
    "ks_test": {
      "r": 0.6290002675708832,
      "p": 0.2556294279537798
    }
  },
  "winner": "KS Test"
}