{
  "recovery": {
    "ks": {
      "Daily_Return": {
        "statistic": 0.044435454632087035,
        "p_value": 1.0532648880035945e-146,
        "drift": true
      },
      "Volatility_30d": {
        "statistic": 0.11590668319324104,
        "p_value": 0.0,
        "drift": true
      },
      "Return_Zscore": {
        "statistic": 0.01698644915461539,
        "p_value": 8.511528255999958e-22,
        "drift": true
      },
      "Volatility_Ratio": {
        "statistic": 0.053186605806252674,
        "p_value": 4.9637087533688386e-210,
        "drift": true
      },
      "Volume_Zscore": {
        "statistic": 0.02888060498420586,
        "p_value": 3.3232259184999013e-62,
        "drift": true
      },
      "Momentum_5d": {
        "statistic": 0.043976465241471085,
        "p_value": 1.0715602586671114e-143,
        "drift": true
      },
      "Momentum_20d": {
        "statistic": 0.04373690897358895,
        "p_value": 3.865989477623736e-142,
        "drift": true
      },
      "Drawdown": {
        "statistic": 0.08212925038748681,
        "p_value": 0.0,
        "drift": true
      },
      "Volume_Ratio": {
        "statistic": 0.021732484198912855,
        "p_value": 2.088459710618539e-35,
        "drift": true
      },
      "Sector_Avg_Return": {
        "statistic": 0.0440981617655318,
        "p_value": 1.7205225514915335e-144,
        "drift": true
      },
      "Sector_Avg_Volatility": {
        "statistic": 0.1655477990447775,
        "p_value": 0.0,
        "drift": true
      },
      "Return_vs_Sector": {
        "statistic": 0.05121947368201199,
        "p_value": 8.358431936105983e-195,
        "drift": true
      },
      "Golden_Cross": {
        "statistic": 0.06813749081746528,
        "p_value": 0.0,
        "drift": true
      }
    },
    "psi": {
      "Daily_Return": {
        "psi": 0.004087358419802143,
        "drift": false
      },
      "Volatility_30d": {
        "psi": 0.07842219074139634,
        "drift": false
      },
      "Return_Zscore": {
        "psi": 0.0022007454506937337,
        "drift": false
      },
      "Volatility_Ratio": {
        "psi": 0.008644402565940158,
        "drift": false
      },
      "Volume_Zscore": {
        "psi": 0.0038843009811404235,
        "drift": false
      },
      "Momentum_5d": {
        "psi": 0.010999312887436509,
        "drift": false
      },
      "Momentum_20d": {
        "psi": 0.020686068539371185,
        "drift": false
      },
      "Drawdown": {
        "psi": 0.04255815302202103,
        "drift": false
      },
      "Volume_Ratio": {
        "psi": 0.0007824296488067617,
        "drift": false
      },
      "Sector_Avg_Return": {
        "psi": 0.009618592091077273,
        "drift": false
      },
      "Sector_Avg_Volatility": {
        "psi": 0.20613364218353136,
        "drift": true
      },
      "Return_vs_Sector": {
        "psi": 0.01587425146611571,
        "drift": false
      },
      "Golden_Cross": {
        "psi": 0.021875224848405317,
        "drift": false
      }
    },
    "drift_detected_ks": true,
    "drift_detected_psi": false,
    "mean_ks_statistic": 0.0599979870678191,
    "mean_psi": 0.032751282526595225,
    "pct_features_drift_ks": 1.0,
    "pct_features_drift_psi": 0.07692307692307693
  },
  "post_covid": {
    "ks": {
      "Daily_Return": {
        "statistic": 0.03602498350234795,
        "p_value": 2.178380973622438e-35,
        "drift": true
      },
      "Volatility_30d": {
        "statistic": 0.12187444493254124,
        "p_value": 0.0,
        "drift": true
      },
      "Return_Zscore": {
        "statistic": 0.03172115519024604,
        "p_value": 1.5619603589353e-27,
        "drift": true
      },
      "Volatility_Ratio": {
        "statistic": 0.12253697376059386,
        "p_value": 0.0,
        "drift": true
      },
      "Volume_Zscore": {
        "statistic": 0.06717452213393865,
        "p_value": 4.630764937793622e-122,
        "drift": true
      },
      "Momentum_5d": {
        "statistic": 0.055579813043009185,
        "p_value": 1.1359833695448077e-83,
        "drift": true
      },
      "Momentum_20d": {
        "statistic": 0.08845123034741631,
        "p_value": 1.827624637451843e-211,
        "drift": true
      },
      "Drawdown": {
        "statistic": 0.033193649407503856,
        "p_value": 4.1536478718845546e-30,
        "drift": true
      },
      "Volume_Ratio": {
        "statistic": 0.03828931153694015,
        "p_value": 6.3691687320102814e-40,
        "drift": true
      },
      "Sector_Avg_Return": {
        "statistic": 0.05851929083150054,
        "p_value": 1.0261598650565222e-92,
        "drift": true
      },
      "Sector_Avg_Volatility": {
        "statistic": 0.11732768840909696,
        "p_value": 0.0,
        "drift": true
      },
      "Return_vs_Sector": {
        "statistic": 0.011589094530943589,
        "p_value": 0.00048021735223111636,
        "drift": true
      },
      "Golden_Cross": {
        "statistic": 0.0819986621584749,
        "p_value": 9.386406380597689e-182,
        "drift": true
      }
    },
    "psi": {
      "Daily_Return": {
        "psi": 0.003091749112574256,
        "drift": false
      },
      "Volatility_30d": {
        "psi": 0.04534157777754776,
        "drift": false
      },
      "Return_Zscore": {
        "psi": 0.004672233953779709,
        "drift": false
      },
      "Volatility_Ratio": {
        "psi": 0.19521216507687406,
        "drift": false
      },
      "Volume_Zscore": {
        "psi": 0.016724988968035835,
        "drift": false
      },
      "Momentum_5d": {
        "psi": 0.013406764725499612,
        "drift": false
      },
      "Momentum_20d": {
        "psi": 0.05032261697430759,
        "drift": false
      },
      "Drawdown": {
        "psi": 0.01704141187890643,
        "drift": false
      },
      "Volume_Ratio": {
        "psi": 0.004110478043744752,
        "drift": false
      },
      "Sector_Avg_Return": {
        "psi": 0.022554658297842676,
        "drift": false
      },
      "Sector_Avg_Volatility": {
        "psi": 0.1285208700876222,
        "drift": false
      },
      "Return_vs_Sector": {
        "psi": 0.005561258305212109,
        "drift": false
      },
      "Golden_Cross": {
        "psi": 0.03214249405334165,
        "drift": false
      }
    },
    "drift_detected_ks": true,
    "drift_detected_psi": false,
    "mean_ks_statistic": 0.06648313998342717,
    "mean_psi": 0.04143871286579144,
    "pct_features_drift_ks": 1.0,
    "pct_features_drift_psi": 0.0
  },
  "drift_2008": {
    "ks": {
      "Daily_Return": {
        "statistic": 0.12585023537016543,
        "p_value": 0.0,
        "drift": true
      },
      "Volatility_30d": {
        "statistic": 0.335050727917652,
        "p_value": 0.0,
        "drift": true
      },
      "Return_Zscore": {
        "statistic": 0.028485065552289898,
        "p_value": 1.2140325339568329e-17,
        "drift": true
      },
      "Volatility_Ratio": {
        "statistic": 0.2284644396748774,
        "p_value": 0.0,
        "drift": true
      },
      "Volume_Zscore": {
        "statistic": 0.05454549274644982,
        "p_value": 1.4291720397648287e-63,
        "drift": true
      },
      "Momentum_5d": {
        "statistic": 0.13807402808207925,
        "p_value": 0.0,
        "drift": true
      },
      "Momentum_20d": {
        "statistic": 0.18462087719123607,
        "p_value": 0.0,
        "drift": true
      },
      "Drawdown": {
        "statistic": 0.25931938339406796,
        "p_value": 0.0,
        "drift": true
      },
      "Volume_Ratio": {
        "statistic": 0.04843854800126435,
        "p_value": 3.2259400453299867e-50,
        "drift": true
      },
      "Sector_Avg_Return": {
        "statistic": 0.1557084899400401,
        "p_value": 0.0,
        "drift": true
      },
      "Sector_Avg_Volatility": {
        "statistic": 0.42112842657325056,
        "p_value": 0.0,
        "drift": true
      },