{
  "pretrain": {
    "mean_error": 0.03504033759236336,
    "std_error": 0.08061177283525467,
    "p95_error": 0.11015253365039825
  },
  "recovery": {
    "mean_error": 0.026285994797945023,
    "std_error": 0.0692460685968399,
    "p95_error": 0.0746188890188932
  },
  "post_covid": {
    "mean_error": 0.044170770794153214,
    "std_error": 0.09490040689706802,
    "p95_error": 0.16503595560789108
  },
  "drift_2008": {
    "mean_error": 0.08231116831302643,
    "std_error": 0.21468830108642578,
    "p95_error": 0.3130727633833885
  },
  "drift_covid": {
    "mean_error": 0.2287786900997162,
    "std_error": 0.3538620173931122,
    "p95_error": 0.9114359945058822
  },
  "drift_volatile": {
    "mean_error": 0.027702897787094116,
    "std_error": 0.043163858354091644,
    "p95_error": 0.07883857116103167
  }
}